{"tileSize":16,"mapWidth":18,"mapHeight":12,"layers":[{"name":"Layer_0","tiles":[{"id":"0","x":0,"y":0},{"id":"1","x":17,"y":0},{"id":"2","x":1,"y":0},{"id":"2","x":2,"y":0},{"id":"2","x":3,"y":0},{"id":"2","x":4,"y":0},{"id":"2","x":5,"y":0},{"id":"2","x":6,"y":0},{"id":"2","x":7,"y":0},{"id":"2","x":8,"y":0},{"id":"2","x":9,"y":0},{"id":"2","x":10,"y":0},{"id":"2","x":11,"y":0},{"id":"2","x":12,"y":0},{"id":"2","x":13,"y":0},{"id":"2","x":14,"y":0},{"id":"2","x":15,"y":0},{"id":"2","x":16,"y":0},{"id":"3","x":1,"y":1},{"id":"3","x":2,"y":1},{"id":"3","x":3,"y":1},{"id":"3","x":4,"y":1},{"id":"3","x":5,"y":1},{"id":"3","x":9,"y":3},{"id":"3","x":10,"y":3},{"id":"3","x":8,"y":1},{"id":"3","x":6,"y":1},{"id":"3","x":7,"y":1},{"id":"3","x":9,"y":1},{"id":"3","x":10,"y":1},{"id":"3","x":11,"y":1},{"id":"3","x":12,"y":1},{"id":"3","x":13,"y":1},{"id":"3","x":14,"y":1},{"id":"3","x":15,"y":1},{"id":"3","x":16,"y":1},{"id":"3","x":16,"y":2},{"id":"3","x":16,"y":3},{"id":"3","x":15,"y":3},{"id":"3","x":14,"y":3},{"id":"3","x":13,"y":3},{"id":"3","x":12,"y":3},{"id":"3","x":11,"y":3},{"id":"3","x":15,"y":2},{"id":"3","x":14,"y":2},{"id":"3","x":13,"y":2},{"id":"3","x":12,"y":2},{"id":"3","x":11,"y":2},{"id":"3","x":10,"y":2},{"id":"3","x":9,"y":2},{"id":"3","x":8,"y":2},{"id":"3","x":7,"y":2},{"id":"3","x":6,"y":2},{"id":"3","x":5,"y":2},{"id":"3","x":4,"y":2},{"id":"3","x":3,"y":2},{"id":"3","x":2,"y":2},{"id":"3","x":1,"y":2},{"id":"3","x":1,"y":4},{"id":"3","x":1,"y":5},{"id":"3","x":1,"y":6},{"id":"3","x":1,"y":7},{"id":"3","x":1,"y":8},{"id":"3","x":1,"y":9},{"id":"3","x":2,"y":9},{"id":"3","x":2,"y":8},{"id":"3","x":2,"y":7},{"id":"3","x":2,"y":6},{"id":"3","x":2,"y":5},{"id":"3","x":2,"y":4},{"id":"3","x":4,"y":3},{"id":"3","x":8,"y":3},{"id":"3","x":7,"y":3},{"id":"3","x":6,"y":3},{"id":"3","x":5,"y":3},{"id":"3","x":3,"y":3},{"id":"3","x":1,"y":3},{"id":"3","x":2,"y":3},{"id":"3","x":3,"y":4},{"id":"3","x":5,"y":5},{"id":"3","x":4,"y":4},{"id":"3","x":5,"y":4},{"id":"3","x":6,"y":4},{"id":"3","x":7,"y":4},{"id":"3","x":8,"y":4},{"id":"3","x":9,"y":4},{"id":"3","x":10,"y":4},{"id":"3","x":11,"y":4},{"id":"3","x":12,"y":4},{"id":"3","x":13,"y":4},{"id":"3","x":14,"y":4},{"id":"3","x":15,"y":4},{"id":"3","x":16,"y":4},{"id":"3","x":7,"y":5},{"id":"3","x":6,"y":5},{"id":"3","x":5,"y":6},{"id":"3","x":4,"y":6},{"id":"3","x":4,"y":5},{"id":"3","x":3,"y":5},{"id":"3","x":3,"y":6},{"id":"3","x":3,"y":8},{"id":"3","x":3,"y":9},{"id":"3","x":4,"y":9},{"id":"3","x":5,"y":9},{"id":"3","x":6,"y":9},{"id":"3","x":7,"y":9},{"id":"3","x":8,"y":9},{"id":"3","x":9,"y":9},{"id":"3","x":9,"y":10},{"id":"3","x":10,"y":10},{"id":"3","x":11,"y":10},{"id":"3","x":12,"y":10},{"id":"3","x":13,"y":10},{"id":"3","x":14,"y":10},{"id":"3","x":14,"y":9},{"id":"3","x":15,"y":9},{"id":"3","x":16,"y":9},{"id":"3","x":16,"y":8},{"id":"3","x":16,"y":7},{"id":"3","x":16,"y":5},{"id":"3","x":15,"y":5},{"id":"3","x":16,"y":6},{"id":"3","x":14,"y":7},{"id":"3","x":14,"y":5},{"id":"3","x":14,"y":6},{"id":"3","x":15,"y":6},{"id":"3","x":15,"y":7},{"id":"3","x":15,"y":8},{"id":"3","x":14,"y":8},{"id":"3","x":13,"y":5},{"id":"3","x":13,"y":6},{"id":"3","x":13,"y":7},{"id":"3","x":13,"y":8},{"id":"3","x":13,"y":9},{"id":"3","x":12,"y":9},{"id":"3","x":11,"y":8},{"id":"3","x":10,"y":7},{"id":"3","x":10,"y":6},{"id":"3","x":10,"y":5},{"id":"3","x":11,"y":5},{"id":"3","x":11,"y":6},{"id":"3","x":12,"y":8},{"id":"3","x":12,"y":7},{"id":"3","x":12,"y":5},{"id":"3","x":12,"y":6},{"id":"3","x":11,"y":7},{"id":"3","x":10,"y":9},{"id":"3","x":11,"y":9},{"id":"3","x":10,"y":8},{"id":"3","x":8,"y":5},{"id":"3","x":9,"y":8},{"id":"3","x":9,"y":7},{"id":"3","x":9,"y":6},{"id":"3","x":9,"y":5},{"id":"3","x":7,"y":7},{"id":"3","x":6,"y":7},{"id":"3","x":6,"y":6},{"id":"3","x":7,"y":6},{"id":"3","x":8,"y":6},{"id":"3","x":8,"y":7},{"id":"3","x":8,"y":8},{"id":"3","x":7,"y":8},{"id":"3","x":6,"y":8},{"id":"3","x":5,"y":8},{"id":"3","x":4,"y":8},{"id":"3","x":3,"y":7},{"id":"3","x":4,"y":7},{"id":"3","x":5,"y":7},{"id":"3","x":8,"y":10},{"id":"3","x":7,"y":10},{"id":"3","x":6,"y":10},{"id":"3","x":5,"y":10},{"id":"3","x":4,"y":10},{"id":"3","x":3,"y":10},{"id":"3","x":2,"y":10},{"id":"3","x":1,"y":10},{"id":"3","x":1,"y":11},{"id":"3","x":2,"y":11},{"id":"3","x":3,"y":11},{"id":"3","x":4,"y":11},{"id":"3","x":5,"y":11},{"id":"3","x":6,"y":11},{"id":"3","x":7,"y":11},{"id":"3","x":8,"y":11},{"id":"3","x":9,"y":11},{"id":"3","x":10,"y":11},{"id":"3","x":11,"y":11},{"id":"3","x":12,"y":11},{"id":"3","x":13,"y":11},{"id":"3","x":14,"y":11},{"id":"3","x":15,"y":11},{"id":"3","x":15,"y":10},{"id":"3","x":16,"y":10},{"id":"3","x":16,"y":11},{"id":"4","x":0,"y":1},{"id":"4","x":0,"y":2},{"id":"4","x":0,"y":3},{"id":"4","x":0,"y":4},{"id":"4","x":0,"y":5},{"id":"4","x":0,"y":6},{"id":"4","x":0,"y":7},{"id":"4","x":0,"y":8},{"id":"4","x":0,"y":9},{"id":"4","x":0,"y":10},{"id":"4","x":0,"y":11},{"id":"5","x":17,"y":1},{"id":"5","x":17,"y":2},{"id":"5","x":17,"y":3},{"id":"5","x":17,"y":4},{"id":"5","x":17,"y":5},{"id":"5","x":17,"y":6},{"id":"5","x":17,"y":7},{"id":"5","x":17,"y":8},{"id":"5","x":17,"y":9},{"id":"5","x":17,"y":10},{"id":"5","x":17,"y":11}],"collider":false}]}